link,job_title,posting_date
https://www.nikita.se/lediga-uppdrag/natverksexpert-it/,Nätverksexpert IT,"24
Nov"
https://www.nikita.se/lediga-uppdrag/programledare-2/,Programledare,"24
Nov"
https://www.nikita.se/lediga-uppdrag/systemutvecklare-cobol/,Systemutvecklare – Cobol,"22
Nov"
https://www.nikita.se/lediga-uppdrag/teknisk-projektledare-20/,Teknisk projektledare,"21
Nov"
https://www.nikita.se/lediga-uppdrag/software-engineer-front-end/,"Software Engineer, Front end","17
Nov"
https://www.nikita.se/lediga-uppdrag/senior-forvaltningsledare-2/,Senior Förvaltningsledare,"17
Nov"
https://www.nikita.se/lediga-uppdrag/losningsarkitekt-24/,Lösningsarkitekt,"17
Nov"
https://www.nikita.se/lediga-uppdrag/sakerhetsansvarig/,Säkerhetsansvarig,"17
Nov"
https://www.nikita.se/lediga-uppdrag/testledare-25/,Testledare,"16
Nov"
https://www.nikita.se/lediga-uppdrag/interimschef-gruppchef-reskontra-och-utbetalning/,Interimschef – gruppchef Reskontra och Utbetalning,"15
Nov"
https://www.nikita.se/lediga-uppdrag/agil-coach-13/,Agil Coach,"15
Nov"
https://www.nikita.se/lediga-uppdrag/masterdatahanterare-i-sap/,Masterdatahanterare i SAP,"13
Nov"
https://www.nikita.se/lediga-uppdrag/software-test-architect/,Software Test Architect,"13
Nov"
https://www.nikita.se/lediga-uppdrag/subject-matter-expert-sme/,Subject Matter Expert (SME),"9
Nov"
https://www.nikita.se/lediga-uppdrag/senior-backend-utvecklare-3/,Senior Backend-utvecklare,"8
Nov"
https://www.nikita.se/lediga-uppdrag/produktansvarig/,Produktansvarig,"8
Nov"
https://www.nikita.se/lediga-uppdrag/integrationsarkitekt/,Integrationsarkitekt,"8
Nov"
https://www.nikita.se/lediga-uppdrag/8533/,Informationsarkitekt,"7
Nov"
https://www.nikita.se/lediga-uppdrag/utvecklare-frends-low-code/,Utvecklare Frends (low-code),"2
Nov"
https://www.nikita.se/lediga-uppdrag/webbanalytiker/,Webbanalytiker,"2
Nov"
https://www.nikita.se/lediga-uppdrag/projektledare-nis/,Projektledare NIS 2,"2
Nov"
https://www.nikita.se/lediga-uppdrag/software-engineer-iam/,Full-Stack Engineer IAM,"2
Nov"
https://www.nikita.se/lediga-uppdrag/datalagerutvecklare/,Datalagerutvecklare,"30
Oct"
https://www.nikita.se/lediga-uppdrag/jira-developer-atlassian-engineer/,Jira Developer / Atlassian Engineer,"25
Oct"
https://www.nikita.se/lediga-uppdrag/tech-lead-senior-utvecklare/,Tech lead/senior utvecklare,"25
Oct"
https://www.nikita.se/lediga-uppdrag/losningsarkitekt-23/,Lösningsarkitekt,"24
Oct"
https://www.nikita.se/lediga-uppdrag/project-manager-9/,Project Manager,"24
Oct"
https://www.nikita.se/lediga-uppdrag/informationsarkitekt-2/,Informationsarkitekt,"23
Oct"
https://www.nikita.se/lediga-uppdrag/mid-senior-backend-developer-java/,Mid Senior backend developer Java,"23
Oct"
https://www.nikita.se/lediga-uppdrag/scrum-master-17/,Scrum master (stängd),"20
Oct"
https://www.nikita.se/lediga-uppdrag/power-apps-utvecklare/,Power apps utvecklare,"19
Oct"
https://www.nikita.se/lediga-uppdrag/system-engineer-new-development-3/,System Engineer – New Development,"18
Oct"
https://www.nikita.se/lediga-uppdrag/applikationsspecialist-lon-hr-redovisning-visma/,"Applikationsspecialist lön, HR, redovisning, Visma","18
Oct"
https://www.nikita.se/lediga-uppdrag/fiori-utvecklare-ux-designer/,Fiori-utvecklare/UX-designer,"17
Oct"
https://www.nikita.se/lediga-uppdrag/experienced-electronics-engineer/,Experienced Electronics Engineer,"16
Oct"
https://www.nikita.se/lediga-uppdrag/informationssakerhetskonsult-3/,Informationssäkerhetskonsult,"13
Oct"
https://www.nikita.se/lediga-uppdrag/systemarkitekt-2/,Systemarkitekt,"12
Oct"
https://www.nikita.se/lediga-uppdrag/gis-konsult/,GIS konsult,"12
Oct"
https://www.nikita.se/lediga-uppdrag/senior-project-manager-parts-supply-logistics/,Senior Project Manager – Parts Supply & Logistics,"10
Oct"
https://www.nikita.se/lediga-uppdrag/software-developer-3/,Software Developer,"10
Oct"
https://www.nikita.se/lediga-uppdrag/c-backendutvecklare/,C# Backendutvecklare,"10
Oct"
https://www.nikita.se/lediga-uppdrag/senior-securities-operations-analyst/,Senior Securities Operations Analyst,"6
Oct"
https://www.nikita.se/lediga-uppdrag/senior-backend-engineer-machine-learning/,Senior Backend Engineer – Machine Learning,"6
Oct"
https://www.nikita.se/lediga-uppdrag/solution-expert/,Solution Expert,"5
Oct"
https://www.nikita.se/lediga-uppdrag/lca-specialist/,LCA specialist,"4
Oct"
https://www.nikita.se/lediga-uppdrag/rfq-business-lead-support/,Business Lead Support,"3
Oct"
https://www.nikita.se/lediga-uppdrag/process-lead-workforce-management-system/,Process Lead Workforce Management System,"3
Oct"
https://www.nikita.se/lediga-uppdrag/senior-front-end-utvecklare-renodlad-i-react/,Senior front-end utvecklare renodlad i React (STÄNGD),"2
Oct"
https://www.nikita.se/lediga-uppdrag/8412/,Utvecklingsorienterad dataskyddsspecialist,"28
Sep"
https://www.nikita.se/lediga-uppdrag/bcp-bia-specialist/,BCP/BIA Specialist,"27
Sep"
https://www.nikita.se/lediga-uppdrag/service-manager-7/,Service Manager,"26
Sep"
https://www.nikita.se/lediga-uppdrag/infrastruktur-specialist/,Infrastruktur specialist,"18
Sep"
https://www.nikita.se/lediga-uppdrag/senior-net-backend-developer/,Senior.NET backend developer,"13
Sep"
https://www.nikita.se/lediga-uppdrag/industrial-project-planner-engineering-and-operations/,Industrial Project Planner – Engineering and operations,"13
Sep"
https://www.nikita.se/lediga-uppdrag/infrastructure-as-code-iac-developer/,Infrastructure as Code (IaC) Developer,"11
Sep"
https://www.nikita.se/lediga-uppdrag/senior-backend-engineer/,Senior backend engineer,"6
Sep"
https://www.nikita.se/lediga-uppdrag/it-service-manager-4/,IT Service Manager,"30
Aug"
https://www.nikita.se/lediga-uppdrag/8312/,Infrastructure Expert in Network,"23
Aug"
https://www.nikita.se/lediga-uppdrag/customer-data-developer/,Customer Data Developer,"15
Aug"
https://www.nikita.se/lediga-uppdrag/infrastruktur-och-eus-specialist-for-it/,Infrastruktur och EUS Specialist för IT,"14
Aug"
https://www.nikita.se/lediga-uppdrag/crystal-report-engineer/,Crystal report Engineer,"14
Jul"
https://www.nikita.se/lediga-uppdrag/ignition-developer/,Ignition Developer,"13
Jul"
https://www.nikita.se/lediga-uppdrag/power-platform-konsult/,Power Platform konsult,"10
Jul"
https://www.nikita.se/lediga-uppdrag/cloudkonsult-till-aktor-inom-infrastruktur/,Cloudkonsult till aktör inom infrastruktur,"10
Jul"
https://www.nikita.se/lediga-uppdrag/embedded-utvecklare-c-c/,Embedded utvecklare C/C++,"7
Jul"
https://www.nikita.se/lediga-uppdrag/solution-architect-pci-dss/,Solution Architect PCI DSS,"7
Jul"
https://www.nikita.se/lediga-uppdrag/projektledare-inforande-crm/,Projektledare införande CRM,"5
Jul"
https://www.nikita.se/lediga-uppdrag/devsecops/,DevSecOps,"30
Jun"
https://www.nikita.se/lediga-uppdrag/it-devops-konsult-till-teknikforetag/,IT/DevOps konsult till teknikföretag,"29
Jun"
https://www.nikita.se/lediga-uppdrag/ledningskoordinator/,Ledningskoordinator,"26
Jun"
https://www.nikita.se/lediga-uppdrag/riskanalytiker/,Riskanalytiker,"22
Jun"
https://www.nikita.se/lediga-uppdrag/systemutvecklare-progress-openedge-2/,Systemutvecklare – Progress OpenEdge,"21
Jun"
https://www.nikita.se/lediga-uppdrag/projektledare-31/,Projektledare,"19
Jun"
https://www.nikita.se/lediga-uppdrag/teststrateg/,Teststrateg,"19
Jun"
https://www.nikita.se/lediga-uppdrag/larare-i-cloudutveckling/,Lärare i Cloudutveckling,"16
Jun"
https://www.nikita.se/lediga-uppdrag/managementkonsult-med-erfarenhet-av-arkitektur-och-processutveckling/,Managementkonsult med erfarenhet av arkitektur och processutveckling,"12
Jun"
https://www.nikita.se/lediga-uppdrag/net-utvecklare-32/,.NET utvecklare,"7
Jun"
https://www.nikita.se/lediga-uppdrag/solution-architect-7/,Solution Architect,"1
Jun"
https://www.nikita.se/lediga-uppdrag/interim-art-director/,Interim Art Director,"1
Jun"
https://www.nikita.se/lediga-uppdrag/embedded-tester/,Embedded Tester,"29
May"
https://www.nikita.se/lediga-uppdrag/accounting-senior-specialist/,Accounting Senior Specialist,"24
May"
https://www.nikita.se/lediga-uppdrag/software-developer-motion-control/,Software Developer – Motion Control,"18
Apr"
https://www.nikita.se/lediga-uppdrag/subject-matter-expert/,Subject Matter Expert,"18
Apr"
https://www.nikita.se/lediga-uppdrag/rollout-manager-automotive/,Rollout Manager – Automotive,"14
Apr"
https://www.nikita.se/lediga-uppdrag/it-infrastrukturarkitekt/,IT-infrastrukturarkitekt,"14
Apr"
https://www.nikita.se/lediga-uppdrag/teknisk-it-projektledare-kioskade-surfplattor/,Teknisk IT-projektledare Kioskade Surfplattor,"29
Mar"
https://www.nikita.se/lediga-uppdrag/senior-backend-developer/,Senior Backend developer,"23
Mar"
https://www.nikita.se/lediga-uppdrag/losningsarkitekt-19/,Lösningsarkitekt,"15
Mar"
https://www.nikita.se/lediga-uppdrag/gis-ingenjor/,GIS-ingenjör,"14
Mar"
https://www.nikita.se/lediga-uppdrag/teamcenter-administrator-engineer/,Teamcenter administrator/Engineer,"21
Feb"
https://www.nikita.se/lediga-uppdrag/integration-developer-2/,Integration developer,"1
Feb"
https://www.nikita.se/lediga-uppdrag/infrastructure-expert-hosting-focused-on-implementing/,Infrastructure Expert Hosting (focused on implementing),"30
Jan"
https://www.nikita.se/lediga-uppdrag/devops-engineer-14/,DevOps Engineer,"27
Jan"
https://www.nikita.se/lediga-uppdrag/test-automation-qa/,Test Automation QA,"26
Jan"
https://www.nikita.se/lediga-uppdrag/agile-coach-8/,Agile Coach,"26
Jan"
https://www.nikita.se/lediga-uppdrag/net-c-developer/,.NET/C# Developer,"25
Jan"
https://www.nikita.se/lediga-uppdrag/senior-net-c-developer/,Senior .NET/C# Developer,"25
Jan"
https://www.nikita.se/lediga-uppdrag/senior-automation-qa-engineer/,Senior Automation QA Engineer,"25
Jan"
https://www.nikita.se/lediga-uppdrag/net-utvecklare-31/,.NET Utvecklare,"24
Jan"
https://www.nikita.se/lediga-uppdrag/project-manager-transportation-management/,Project Manager – Transportation Management,"18
Jan"
https://www.nikita.se/lediga-uppdrag/systemutvecklare-progress-openedge/,Systemutvecklare Progress OpenEdge,"17
Jan"
https://www.nikita.se/lediga-uppdrag/konsult-med-teknisk-kompetens-inom-systemstod-systemlosningar-for-e-handel-inom-offentlig-sektor/,Konsult med teknisk kompetens inom systemstöd/systemlösningar för e-handel inom offentlig sektor,"16
Jan"
https://www.nikita.se/lediga-uppdrag/projektledare-migration-from-exchange-onprem-to-o365/,Projektledare- Migration from Exchange Onprem to O365,"13
Jan"
https://www.nikita.se/lediga-uppdrag/business-analyst-till-hris-hrit/,Talent Life Cycle expert med fokus på Learning and development,"10
Jan"
https://www.nikita.se/lediga-uppdrag/projektledare-mdm/,"Projektledare, MDM","9
Jan"
https://www.nikita.se/lediga-uppdrag/it-projektledare-oracle-opera-cloud/,IT projektledare Oracle Opera Cloud,"9
Jan"
https://www.nikita.se/lediga-uppdrag/frontendutvecklare-angular-3/,Frontendutvecklare Angular,"5
Jan"
https://www.nikita.se/lediga-uppdrag/administrator-projektkoordinator/,Administratör/projektkoordinator,"5
Jan"
https://www.nikita.se/lediga-uppdrag/konsult-for-uppdrag-inom-livsmedelskontroll-livsmedelsinspektor/,Konsult för uppdrag inom livsmedelskontroll/ Livsmedelsinspektör,"4
Jan"
https://www.nikita.se/lediga-uppdrag/iam-expert/,IAM expert,"22
Dec"
https://www.nikita.se/lediga-uppdrag/firmware-engineer/,Firmware engineer,"21
Dec"
https://www.nikita.se/lediga-uppdrag/applikationsnara-dba-sql-server/,"Applikationsnära DBA, SQL Server","19
Dec"
https://www.nikita.se/lediga-uppdrag/iam-arkitekt-2/,IAM Arkitekt,"19
Dec"
https://www.nikita.se/lediga-uppdrag/projektledare-29/,Projektledare,"16
Dec"
https://www.nikita.se/lediga-uppdrag/solution-architect-mes/,Solution Architect MES,"15
Dec"
https://www.nikita.se/lediga-uppdrag/solution-architect-6/,Solution Architect,"15
Dec"
https://www.nikita.se/lediga-uppdrag/data-cleaning-and-migration-lead-pam/,Data cleaning and migration lead PAM,"15
Dec"
https://www.nikita.se/lediga-uppdrag/plattformsutvecklare-infrastruktur-och-natverk/,Plattformsutvecklare Infrastruktur och nätverk,"15
Dec"
https://www.nikita.se/lediga-uppdrag/verksamhetsutvecklare-till-forstudie/,Verksamhetsutvecklare till förstudie,"14
Dec"
https://www.nikita.se/lediga-uppdrag/operativ-projektledare/,Operativ projektledare,"7
Dec"
https://www.nikita.se/lediga-uppdrag/interim-servicechef/,Interim servicechef,"22
Apr"
https://www.nikita.se/lediga-uppdrag/senior-net-utvecklare-3/,Senior .NET-utvecklare,"28
Mar"
https://www.nikita.se/lediga-uppdrag/backend-java-developer/,Backend Java Developer,"23
Mar"
https://www.nikita.se/lediga-uppdrag/2-st-systemforvaltare/,2 st systemförvaltare,"22
Mar"
https://www.nikita.se/lediga-uppdrag/teknisk-systemspecialist-lumera/,Teknisk systemspecialist Lumera,"21
Mar"
https://www.nikita.se/lediga-uppdrag/databaskonsult-ms-sql-till-aws/,Databaskonsult MS SQL till AWS,"21
Mar"
https://www.nikita.se/lediga-uppdrag/organizational-development-coachsenior-agile-coach/,Organizational Development Coach/Senior Agile Coach,"21
Mar"
https://www.nikita.se/lediga-uppdrag/iot-konsult/,IoT Konsult – STÄNGD,"26
Aug"
https://www.nikita.se/lediga-uppdrag/senior-angular-utvecklare/,Senior Angular Utvecklare,"2
Jun"
https://www.nikita.se/lediga-uppdrag/projektledare-18/,Projektledare – STÄNGD,"2
Jun"
https://www.nikita.se/lediga-uppdrag/go-utvecklare/,Go-utvecklare,"20
Apr"
https://www.nikita.se/lediga-uppdrag/testledare-e-handel/,Testledare E-handel,"20
Apr"
https://www.nikita.se/lediga-uppdrag/senior-testledare-7/,Senior Testledare Dynamics 365 CRM,"20
Apr"
https://www.nikita.se/lediga-uppdrag/senior-testare-3/,Senior Testare Dynamics 365 CRM,"20
Apr"
https://www.nikita.se/lediga-uppdrag/senior-acceptanstestledare/,Senior Acceptanstestledare Dynamics 365,"20
Apr"
https://www.nikita.se/lediga-uppdrag/ux-researcher-3/,UX Researcher,"19
Apr"
https://www.nikita.se/lediga-uppdrag/interimschef-strategisk-planering/,Interimschef strategisk planering,"19
Apr"
https://www.nikita.se/lediga-uppdrag/head-of-billing-and-assets/,Head of billing and assets,"16
Apr"
https://www.nikita.se/lediga-uppdrag/senior-infrastrukturarkitekt/,Senior Infrastrukturarkitekt,"14
Apr"
https://www.nikita.se/lediga-uppdrag/senior-projektledare-14/,Senior Projektledare,"14
Apr"
https://www.nikita.se/lediga-uppdrag/senior-react-utvecklare/,Senior React utvecklare,"13
Apr"
https://www.nikita.se/lediga-uppdrag/etl-developer/,ETL Developer,"13
Apr"
https://www.nikita.se/lediga-uppdrag/senior-performance-engineer/,Senior Performance Engineer,"13
Apr"
https://www.nikita.se/lediga-uppdrag/fullstack-utvecklare-max-2-st/,Fullstack-utvecklare (max 2 st),"13
Apr"
https://www.nikita.se/lediga-uppdrag/senior-engineers-3st-within-automationinfrastructuredevops/,Senior Engineers (3st) within Automation/Infrastructure/devops,"12
Apr"
https://www.nikita.se/lediga-uppdrag/systemutvecklare-netepiserver/,Systemutvecklare .Net/Episerver,"8
Apr"
https://www.nikita.se/lediga-uppdrag/software-engineer-javascript/,Software Engineer JavaScript,"7
Apr"
https://www.nikita.se/lediga-uppdrag/javautvecklare-15/,Javautvecklare,"7
Apr"
https://www.nikita.se/lediga-uppdrag/agile-coach-4/,Agile Coach,"7
Apr"
https://www.nikita.se/lediga-uppdrag/business-process-consultant/,Business Process Consultant,"6
Apr"
https://www.nikita.se/lediga-uppdrag/projektledare-kreditsystem/,Projektledare kreditsystem,"6
Apr"
https://www.nikita.se/lediga-uppdrag/software-development-engineer-in-test-sdet-test-automation-lead/,Software development engineer in test (SDET) / Test Automation Lead,"31
Mar"
https://www.nikita.se/lediga-uppdrag/forandringsledareagil-coach/,Förändringsledare/Agil Coach,"31
Mar"
https://www.nikita.se/lediga-uppdrag/projektledare-16/,Projektledare,"29
Mar"
https://www.nikita.se/lediga-uppdrag/app-testare-till-kund-i-skane/,App Testare till kund i Lund,"25
Mar"
https://www.nikita.se/lediga-uppdrag/larare-databashantering/,Lärare – Databashantering,"23
Mar"
https://www.nikita.se/lediga-uppdrag/senior-fullstackutvecklare-med-tyngd-pa-frontend-react/,Senior fullstackutvecklare med tyngd på frontend (React),"20
Mar"
https://www.nikita.se/lediga-uppdrag/2-st-ios-utvecklare/,2 st iOS utvecklare – STÄNGD,"17
Mar"
https://www.nikita.se/lediga-uppdrag/miljoplanerare-med-vatten-och-klimatanpassningskompetens/,Miljöplanerare med vatten- och klimatanpassningskompetens,"12
Mar"
https://www.nikita.se/lediga-uppdrag/business-development-specialist-2/,Business Development Specialist,"10
Mar"
https://www.nikita.se/lediga-uppdrag/projektledare-for-lokalflytt/,Projektledare för lokalflytt,"10
Mar"
https://www.nikita.se/lediga-uppdrag/tillforordnad-chef-for-social-och-omsorgskontoret/,Tillförordnad chef för social- och omsorgskontoret,"9
Mar"
https://www.nikita.se/lediga-uppdrag/interimschef-3/,Interimschef,"5
Mar"
https://www.nikita.se/lediga-uppdrag/agil-coach-10/,Agil Coach,"5
Mar"
https://www.nikita.se/lediga-uppdrag/strategic-planner/,Strategic Planner,"4
Mar"
https://www.nikita.se/lediga-uppdrag/back-end-developer-2-people-required/,Back end developer – 2 people required,"4
Mar"
https://www.nikita.se/lediga-uppdrag/developer-3-people-required/,Developer – 3 people required,"4
Mar"
https://www.nikita.se/lediga-uppdrag/back-end-developer/,Back end developer,"4
Mar"
https://www.nikita.se/lediga-uppdrag/testledare-13/,Testledare,"3
Mar"
https://www.nikita.se/lediga-uppdrag/projektledare-med-iambehorighetserfarenhet/,Projektledare med IAM/Behörighetserfarenhet,"3
Mar"
https://www.nikita.se/lediga-uppdrag/testautomatiseringutveckling-med-fokus-pa-kvalitetssakring/,Testautomatisering/Utveckling med fokus på kvalitetssäkring,"3
Mar"
https://www.nikita.se/lediga-uppdrag/measurementanalytics-engineer/,Measurement/Analytics Engineer,"1
Mar"
https://www.nikita.se/lediga-uppdrag/se-developer/,SE Developer,"26
Feb"
https://www.nikita.se/lediga-uppdrag/seo-consultant/,SEO Consultant,"18
Feb"
https://www.nikita.se/lediga-uppdrag/senior-business-controller-interim/,Senior Business Controller (Interim),"18
Feb"
https://www.nikita.se/lediga-uppdrag/it-projektledare-3/,IT Projektledare,"17
Feb"
https://www.nikita.se/lediga-uppdrag/miljostrateg/,Miljöstrateg,"13
Feb"
https://www.nikita.se/lediga-uppdrag/it-projektledare-2/,IT-projektledare,"12
Feb"
https://www.nikita.se/lediga-uppdrag/three-developers/,Multiple Java Developers,"10
Feb"
https://www.nikita.se/lediga-uppdrag/senior-javascript-engineer/,Senior Javascript Engineer,"10
Feb"
https://www.nikita.se/lediga-uppdrag/java-developer-8/,Java Developer,"10
Feb"
https://www.nikita.se/lediga-uppdrag/backendutvecklare-med-erfarenhet-inom-devops/,Backendutvecklare med erfarenhet inom DevOps,"4
Feb"
https://www.nikita.se/lediga-uppdrag/kubernetes-developer/,Kubernetes developer,"3
Feb"
https://www.nikita.se/lediga-uppdrag/losningsarkitekt-sakerhet/,Lösningsarkitekt säkerhet,"2
Feb"
https://www.nikita.se/lediga-uppdrag/senior-fullstackutvecklare-4/,Senior fullstackutvecklare,"2
Feb"
https://www.nikita.se/lediga-uppdrag/plattformsutvecklare-devops-sre/,"Plattformsutvecklare, DevOps, SRE","2
Feb"
https://www.nikita.se/lediga-uppdrag/business-analyst-3/,Business Analyst,"1
Feb"
https://www.nikita.se/lediga-uppdrag/3557/,Lösningsarkitekt,"28
Jan"
https://www.nikita.se/lediga-uppdrag/teknisk-testare-10/,Teknisk testare,"27
Jan"
https://www.nikita.se/lediga-uppdrag/sap-key-user-2st/,SAP Key User (2st),"26
Jan"
https://www.nikita.se/lediga-uppdrag/utvecklare-power-plattform-dynamics-365-sales-customer-service-2/,Utvecklare Power Plattform / Dynamics 365 Sales & Customer Service,"26
Jan"
https://www.nikita.se/lediga-uppdrag/losningsarkitekt-9/,Lösningsarkitekt,"22
Jan"
https://www.nikita.se/lediga-uppdrag/insatser-for-tillvaxt-och-jobbskapande/,Insatser för tillväxt och jobbskapande,"21
Jan"
https://www.nikita.se/lediga-uppdrag/losningsarkitekt-8/,Lösningsarkitekt,"21
Jan"
https://www.nikita.se/lediga-uppdrag/product-manager-mobile-apps/,Product Manager – Mobile Apps,"20
Jan"
https://www.nikita.se/lediga-uppdrag/service-delivery-coordinator/,Service delivery Coordinator,"19
Jan"
https://www.nikita.se/lediga-uppdrag/developer-3/,Developer,"18
Jan"
https://www.nikita.se/lediga-uppdrag/3501/,Senior C++ Utvecklare,"14
Jan"
https://www.nikita.se/lediga-uppdrag/team-2-webbutvecklare-1-apputvecklare-en-webanalytiker/,"Team (2 webbutvecklare, 1 apputvecklare, en webanalytiker)","12
Jan"
https://www.nikita.se/lediga-uppdrag/utbildare-webbramverk-for-javascript/,Utbildare – Webbramverk för JavaScript,"12
Jan"
https://www.nikita.se/lediga-uppdrag/fullstack-developer-epi-react/,Fullstack Developer – EPi + React.js,"12
Jan"
https://www.nikita.se/lediga-uppdrag/senior-javautvecklare-6/,Senior Java-utvecklare,"12
Jan"
https://www.nikita.se/lediga-uppdrag/java-developer-7/,Java developer,"11
Jan"
https://www.nikita.se/lediga-uppdrag/fullstackutvecklare-27/,Fullstackutvecklare,"4
Jan"
https://www.nikita.se/lediga-uppdrag/java-developer-6/,Java developer,"4
Jan"
https://www.nikita.se/lediga-uppdrag/senior-projektledare-for-upphandling-av-ett-nytt-efh-system/,Senior Projektledare för upphandling av ett nytt EFH-system,"30
Dec"
https://www.nikita.se/lediga-uppdrag/losningsarkitekt-datalager-dw/,Lösningsarkitekt datalager (DW),"23
Dec"
https://www.nikita.se/lediga-uppdrag/business-development-specialist/,Business Development Specialist,"23
Dec"
https://www.nikita.se/lediga-uppdrag/kotlin-developer/,Kotlin Developer,"21
Dec"
https://www.nikita.se/lediga-uppdrag/swift-developer/,Swift developer,"21
Dec"
https://www.nikita.se/lediga-uppdrag/pentestare/,Pentestare,"21
Dec"
https://www.nikita.se/lediga-uppdrag/cmf-design-consultant/,CMF Design consultant,"17
Dec"
https://www.nikita.se/lediga-uppdrag/project-manager-4/,Project Manager,"17
Dec"
https://www.nikita.se/lediga-uppdrag/product-developer-nosql-databases/,Product Developer – NoSQL databases,"16
Dec"
https://www.nikita.se/lediga-uppdrag/product-development-manager-agile-coach/,Product Development Manager / Agile Coach,"11
Dec"
https://www.nikita.se/lediga-uppdrag/design_recruiter/,Design Recruiter,"11
Dec"
https://www.nikita.se/lediga-uppdrag/linux-platform-developer/,Linux Platform Developer,"10
Dec"
https://www.nikita.se/lediga-uppdrag/javautvecklare-12/,Javautvecklare,"7
Dec"
https://www.nikita.se/lediga-uppdrag/kubernetes-specialist/,Kubernetes Specialist,"4
Dec"
https://www.nikita.se/lediga-uppdrag/product-owner-7/,Product Owner,"4
Dec"
https://www.nikita.se/lediga-uppdrag/teamledare-servicedesk/,Teamledare Servicedesk – STÄNGD,"13
Nov"
https://www.nikita.se/lediga-uppdrag/utvecklare-power-plattform-dynamics-365-sales-customer-service/,Utvecklare Power Plattform / Dynamics 365 Sales & Customer Service,"20
Oct"
https://www.nikita.se/lediga-uppdrag/projektadministrator/,Projektadministratör,"21
Sep"
https://www.nikita.se/lediga-uppdrag/c-programmers/,C Programmers,"21
Sep"
https://www.nikita.se/lediga-uppdrag/it-sakerhetkravare/,IT-säkerhetkravare,"11
Sep"
https://www.nikita.se/lediga-uppdrag/testledare-50/,Testledare 50%,"9
Sep"
https://www.nikita.se/lediga-uppdrag/projektadmin-50/,Projektadmin,"9
Sep"
https://www.nikita.se/lediga-uppdrag/uxui-designer-med-styrka-inom-visuell-design/,UX/UI Designer med styrka inom visuell design,"7
Sep"
https://www.nikita.se/lediga-uppdrag/network-planner-2/,Network Planner,"3
Sep"
https://www.nikita.se/lediga-uppdrag/tva-net-utvecklare-3/,Två .NET-utvecklare,"26
Aug"
https://www.nikita.se/lediga-uppdrag/utvecklare-som-kan-jobba-med-felsokning/,Utvecklare som kan jobba med felsökning,"25
Aug"
https://www.nikita.se/lediga-uppdrag/fullstackutvecklare-25/,Fullstackutvecklare .NET,"25
Aug"
https://www.nikita.se/lediga-uppdrag/senior-developer/,Senior Developer,"24
Aug"
https://www.nikita.se/lediga-uppdrag/wordpress-konsult/,wordpress konsult,"24
Aug"
https://www.nikita.se/lediga-uppdrag/mjukvaruingenjor/,Mjukvaruingenjör,"21
Aug"
https://www.nikita.se/lediga-uppdrag/tva-erfarna-net-utvecklare/,Två erfarna .Net utvecklare,"18
Aug"
https://www.nikita.se/lediga-uppdrag/net-utvecklare-som-kan-och-vill-arbeta-med-ny-och-gammal-teknik/,.Net utvecklare – ny och gammal teknik,"17
Aug"
https://www.nikita.se/lediga-uppdrag/utbildare-inom-arbets-och-projektmetodik-v43-v51/,Utbildare inom Arbets- och projektmetodik (V43-v51),"14
Aug"
https://www.nikita.se/lediga-uppdrag/utbildare-inom-ux-och-usability-v38-v40/,Utbildare inom UX och Usability (v38-v40),"14
Aug"
https://www.nikita.se/lediga-uppdrag/2st-senior-java-software-engineer/,2st Senior Java Software Engineer,"12
Aug"
https://www.nikita.se/lediga-uppdrag/fullstack-developer-3/,Fullstack Developer,"3
Aug"
https://www.nikita.se/lediga-uppdrag/utbildare-inom-ux/,Utbildare inom UX,"22
Jul"
https://www.nikita.se/lediga-uppdrag/projektledare-for-utvecklingsprojekt-shoppapim/,Projektledare för utvecklingsprojekt – Shoppa/PIM,"10
Jul"
https://www.nikita.se/lediga-uppdrag/data-lake-arkitekt/,Data Lake Arkitekt,"18
Jun"
https://www.nikita.se/lediga-uppdrag/systemarkitekt/,Systemarkitekt,"16
Jun"
https://www.nikita.se/lediga-uppdrag/product-owner-5/,Product Owner,"15
Jun"
https://www.nikita.se/lediga-uppdrag/dynamics-365-developer/,Dynamics 365 Developer,"12
Jun"
https://www.nikita.se/lediga-uppdrag/frontend-architectdeveloper/,Frontend Architect/Developer,"11
Jun"
https://www.nikita.se/lediga-uppdrag/utbildare-programmering-i-python-2/,Utbildare – Programmering i Python,"10
Jun"
https://www.nikita.se/lediga-uppdrag/utbildare-infrastruktur-konfigurering-och-deployment-med-programmering/,Utbildare – Infrastruktur konfigurering och deployment med programmering,"10
Jun"
https://www.nikita.se/lediga-uppdrag/utbildare-mailadministration-office-365-och-identitetshantering-i-moln/,"Utbildare – Mailadministration, Office 365 och identitetshantering i moln","10
Jun"
https://www.nikita.se/lediga-uppdrag/utbildare-linux-2-it-infrastrukturspecialist/,Utbildare – Linux (2) (IT-infrastrukturspecialist),"10
Jun"
https://www.nikita.se/lediga-uppdrag/utbildare-linux-1-it-infrastrukturspecialist/,Utbildare – Linux (1) (IT-infrastrukturspecialist),"10
Jun"
https://www.nikita.se/lediga-uppdrag/utbildare-linux-1/,Utbildare – Linux (1) (DevOps Engineer),"10
Jun"
https://www.nikita.se/lediga-uppdrag/utbildare-programmering-i-python/,Utbildare – Programmering i Python,"10
Jun"
https://www.nikita.se/lediga-uppdrag/utbildare-programmering-och-systemering/,Utbildare – Programmering och systemering,"10
Jun"
https://www.nikita.se/lediga-uppdrag/utbildare-linux/,Utbildare – Linux (2) (DevOps Engineer),"10
Jun"
https://www.nikita.se/lediga-uppdrag/systemtestare/,Systemtestare,"4
Jun"
https://www.nikita.se/lediga-uppdrag/frontendutvecklare-15/,Frontendutvecklare,"2
Jun"
https://www.nikita.se/lediga-uppdrag/dynamics-365-developers/,Dynamics 365 Developers,"1
Jun"
https://www.nikita.se/lediga-uppdrag/team-leaderproduct-owner-sdk-cross-platform-team/,Team Leader/Product Owner- SDK Cross-platform team,"28
May"
https://www.nikita.se/lediga-uppdrag/integrationsutvecklare/,Integrationsutvecklare,"26
May"
https://www.nikita.se/lediga-uppdrag/net-utvecklare-20/,.NET utvecklare,"6
May"
https://www.nikita.se/lediga-uppdrag/erp-team/,Dynamics 365 till ERP Team,"5
May"
https://www.nikita.se/lediga-uppdrag/senior-projektledare-crm/,Senior Projektledare CRM,"23
Apr"
https://www.nikita.se/lediga-uppdrag/utbildare-inom-business-intelligence-relaterade-programsprak/,Utbildare inom Business Intelligence-relaterade programspråk,"21
Apr"
https://www.nikita.se/lediga-uppdrag/uxui-designer-4/,UX/UI designer,"16
Apr"
https://www.nikita.se/lediga-uppdrag/2968/,C++ utvecklare,"2
Apr"
https://www.nikita.se/lediga-uppdrag/net-backendutvecklare-2/,.NET backendutvecklare,"1
Apr"
https://www.nikita.se/lediga-uppdrag/net-backendutvecklare/,.NET backendutvecklare,"1
Apr"
https://www.nikita.se/lediga-uppdrag/devops-utvecklare/,DevOps-utvecklare,"30
Mar"
https://www.nikita.se/lediga-uppdrag/anvandbarhetsexpertinteraktionsdesigner/,Användbarhetsexpert/interaktionsdesigner,"24
Mar"
https://www.nikita.se/lediga-uppdrag/iam-forstudie-och-implementation/,IAM Förstudie och Implementation,"18
Mar"
https://www.nikita.se/lediga-uppdrag/mjukvaruutvecklare-inom-mekatronik-och-reglerteknik/,Mjukvaruutvecklare inom mekatronik och reglerteknik,"17
Mar"
https://www.nikita.se/lediga-uppdrag/java-backendutvecklarearkitekt/,Java backendutvecklare/Arkitekt,"12
Mar"
https://www.nikita.se/lediga-uppdrag/iam-konsult/,IAM-konsult,"10
Mar"
https://www.nikita.se/lediga-uppdrag/regulatory-reporting-consultant/,Regulatory reporting Consultant,"9
Mar"
https://www.nikita.se/lediga-uppdrag/inkopsanalytiker-2/,Inköpsanalytiker,"6
Mar"
https://www.nikita.se/lediga-uppdrag/devops-engineer-4/,DevOps Engineer,"5
Mar"
https://www.nikita.se/lediga-uppdrag/bi-consultant/,BI consultant,"25
Feb"
https://www.nikita.se/lediga-uppdrag/system-developer-java/,System Developer – Java,"24
Feb"
https://www.nikita.se/lediga-uppdrag/net-utvecklare-19/,.NET utvecklare,"24
Feb"
https://www.nikita.se/lediga-uppdrag/backendutvecklare-net/,Backendutvecklare .NET,"20
Feb"
https://www.nikita.se/lediga-uppdrag/systemutvecklare-net-4/,Systemutvecklare .NET,"12
Feb"
https://www.nikita.se/lediga-uppdrag/testautomatiserare-6/,Testautomatiserare,"10
Feb"
https://www.nikita.se/lediga-uppdrag/leveransledare-for-terminering/,Leveransledare för Terminering,"10
Feb"
https://www.nikita.se/lediga-uppdrag/natverkstekniker-6/,Nätverkstekniker,"6
Feb"
https://www.nikita.se/lediga-uppdrag/uxui-designer-3/,UX/UI designer,"5
Feb"
https://www.nikita.se/lediga-uppdrag/scrum-master-tech-lead/,Scrum Master / Tech Lead,"3
Feb"
https://www.nikita.se/lediga-uppdrag/agil-coach-7/,Agil Coach,"20
Jan"
https://www.nikita.se/lediga-uppdrag/senior-databasadministrator/,Senior Databasadministratör,"16
Jan"
https://www.nikita.se/lediga-uppdrag/net-fullstack-developer/,.Net Fullstack Developer,"14
Jan"
https://www.nikita.se/lediga-uppdrag/frontendutvecklare-14/,Frontendutvecklare,"13
Jan"
https://www.nikita.se/lediga-uppdrag/test-automation-engineer-3/,Test Automation Engineer,"13
Jan"
https://www.nikita.se/lediga-uppdrag/cloud-architechtdevops/,Cloud Architecht/DevOps,"9
Jan"
https://www.nikita.se/lediga-uppdrag/android-developer-2/,Android Developer,"8
Jan"
https://www.nikita.se/lediga-uppdrag/2772/,iOS Utvecklare,"20
Dec"
https://www.nikita.se/lediga-uppdrag/fullstack-lead-developer/,Fullstack lead developer,"18
Dec"
https://www.nikita.se/lediga-uppdrag/java-developer-4/,Java Developer,"18
Dec"
https://www.nikita.se/lediga-uppdrag/java-developer-3/,Java Developer,"17
Dec"
https://www.nikita.se/lediga-uppdrag/java-developer-2/,Java Developer,"17
Dec"
https://www.nikita.se/lediga-uppdrag/test-automation-engineer-5/,Test Automation Engineer,"17
Dec"
https://www.nikita.se/lediga-uppdrag/ms-dynamics-crm-utvecklare/,MS Dynamics – CRM utvecklare,"17
Dec"
https://www.nikita.se/lediga-uppdrag/backendutvecklare-5/,Backendutvecklare .NET,"12
Dec"
https://www.nikita.se/lediga-uppdrag/projektledare-14/,Projektledare,"6
Dec"
https://www.nikita.se/lediga-uppdrag/forandringsledning/,Förändringsledning,"6
Dec"
https://www.nikita.se/lediga-uppdrag/fullstack-javascript-engineers/,Fullstack Javascript Engineers,"2
Dec"
https://www.nikita.se/lediga-uppdrag/corporate-office-business-delivery-manager/,Corporate Office Business Delivery Manager,"13
Nov"
https://www.nikita.se/lediga-uppdrag/tva-seniora-javautvecklaremjukvaruarkitekter/,Två Seniora Javautvecklare/mjukvaruarkitekter,"13
Nov"
https://www.nikita.se/lediga-uppdrag/solution-architect-2/,Solution Architect,"11
Nov"
https://www.nikita.se/lediga-uppdrag/4-fullstack-javascript-developers/,4 fullstack Javascript Developers,"7
Nov"
https://www.nikita.se/lediga-uppdrag/azure-information-protection-konsult/,Azure Information Protection konsult,"30
Sep"
https://www.nikita.se/lediga-uppdrag/product-owner/,Product Owner,"25
Sep"
https://www.nikita.se/lediga-uppdrag/fullstack-net/,Fullstack .NET,"24
Sep"
https://www.nikita.se/lediga-uppdrag/utredning-av-plattform-byggd-i-net/,Utredning av plattform byggd i .NET,"23
Sep"
https://www.nikita.se/lediga-uppdrag/senior-full-stack-developer/,Senior full-stack developer,"20
Sep"
https://www.nikita.se/lediga-uppdrag/software-engineer-java/,Software Engineer Java,"12
Sep"
https://www.nikita.se/lediga-uppdrag/senior-agil-enterprise-coach/,Senior agil Enterprise Coach,"15
Mar"
https://www.nikita.se/lediga-uppdrag/c-utvecklare/,C++ -utvecklare,"7
May"
https://www.nikita.se/lediga-uppdrag/redovisningsspecialist/,Redovisningsspecialist,"4
Jan"
https://www.nikita.se/lediga-uppdrag/frontendutvecklare-med-fokus-pa-backoffice/,Frontendutvecklare med fokus på backoffice,"18
Mar"
