job_title,job_description
Junior Data Scientist - Stockholm,"Trafikförvaltningen samlar varje dag enorma datamängder. Från realtidsdata från bussar, tåg, biljettförsäljningar och valideringar, till data om energianvändning och resmönster. All denna data är en enorm tillgång, och det är vi i Data och Analys grupperingen som har det som huvuduppgift att samla, modelera och möjliggöra en effektiv användning av data för resten av organisationen.
			Data och Analys grupperingen är en del av IT avdelningens Interna Tjänster. Gruppering består av flera agila team som fokuserar på att bygga dataflöde från ingestion, dataomvandling, förädling till analys och visualisering. Grupperingen har just börjat implementationen av en ny dataanalysplattform med hjälp av moderna molnteknologier och arkitektur.
			Data Science Lab är ett nytt team inom Data och Analys grupperingen som fokuserar på användningen av avancerade analysmetoder, inklusive maskininlärning och AI för att förbättra olika delar av verksamheten. Teamet kommer att fokusera på att bygga prototyper utifrån verkliga användarfall från hela Trafikförvaltningens organisation och utveckla grundläggande infrastruktur för avancerad analys.
			Vi söker en passionerad Junior Data Scientist som brinner för att hitta olika möjligheter för att använda data för att förbättra vår verksamhet. Din roll kommer att omfatta datainsamling, rengöring, samt statistiska analyser och visualiseringar. Du kommer att arbeta i olika projekt inom maskininlärning och dataanalys. Eftersom vårt team är i en uppstartsfas, kommer du även att vara involverad i testning och utvärdering av olika moln-baserade verktyg samt utformning av processer och arbetssätt. 
			Du kommer att arbeta i ett flertal projekt i helt olika områden så som energieffektivisering och analys av kundbeteende. Att skapa sig domänkunskap och ha ett nära samarbete med verksamhetsspecialister kommer att vara en viktig del av arbetet. Det är därför vi sätter stort fokus på personliga egenskaper samt tidigare erfarenheter i dessa områden.
			Obligatoriska krav:Civilingenjör examen med inriktning inom data scienceMinst 6 månaders erfarenhet inom de senaste 2 åren av att arbeta i AWS eller Azure.Erfarenhet av python programmering i minst ett uppdrag inklusiv följande bibliotek: pandas, scikit-learn, plotly. Erfarenhet i minst ett uppdrag av arbete med SQLErfarenhet i minst ett uppdrag  av att implementera ickesuperviserade (unsupervised) metoder för riktiga problemErfarenhet i minst ett uppdrag av att applicera avancerade analysemetoderför på energidata från sensorer. 
			Mervärdeskrav:Erfarenhet i minst ett uppdrag  av att arbeta med GitErfarenhet i minst ett uppdrag  av att arbeta I offentlig sektor
			

			
		Remote: Delvis			
		




						 
		Start: 2024-01-02 
			
		


		End: 2024-12-31			
		


			
		Extension: 6 mån			
		



Location: 	Stockholm 				  
			
			


ID: LEAD-4286			




Closing: 2023-11-28"
Senior Data Scientist - Stockholm,"Vi söker en driven och passionerad Senior Data Scientist som brinner för att använda avancerade analysmetoder och algoritmer för att förbättra sättet vi bedriver vår verksamhet. Rollen kommer att innefatta att ta ansvar för data science lösningar från ax till limpa, från problemformulering, förankring i intressentgrupper, datainsamling, val av analysmetoder samt implementation. Eftersom vårt team befinner sig i en tidig fas av utveckling, kommer du även att vara involverad i testning och utvärdering av olika moln-baserade verktyg samt utformning av processer och arbetssätt. 
			Du kommer att arbeta i ett flertal projekt i helt olika område så som energieffektivisering och analys av kundbeteende. Att skaffa sig domänkunskap och ha ett nära samarbete med verksamhetsspecialister kommer att vara en viktig del av arbetet. Det är därför vi sätter stort fokus på personliga egenskaper, såsom god samarbetsförmåga, kommunikativa färdigheter och hög analytisk kapacitet.
			Obligatoriska krav:Master examen inom datavetenskap/maskininlärning/matematik/statistik eller högre utbildning (PhD)Minst 5 års arbetslivserfarenhet av att implementera data science/maskininlärning metoder för att lösa praktiska problem. Minst 3 års arbetslivserfarenhet av utveckling i python.Minst 1 års erfarenhet av att utveckla data science metoder inom Azure eller AWS.Minst 1 års erfarenhet av att använda SQL i det dagliga arbetet.
			Mervärdeskrav:Minst 1 års erfarenhet av att arbeta med Azure ML eller Azure Synapse Analytics.  Minst 1 års erfarenhet av MLOps. Minst 1 års arbetslivserfarenhet av att arbeta med spark.
			

			
		Remote: Delvis			
		




						 
		Start: 2024-01-15 
			
		


		End: 2024-12-31			
		


			
		Extension: 6 mån			
		



Location: 	Stockholm 				  
			
			


ID: LEAD-4285			




Closing: 2023-11-27"
Säkerhetskoordinator/Riskanalysledare - Stockholm (Remote),"Övertagandet av trafiken och fordonsunderhållet ska genomföras på mycket kort tid och kommer att behöva göras genom att många aktiviteter löper parallellt och lösningar tas fram successivt. Bara de mest viktiga förändringarna kommer att kunna göras till trafikstart och etablerings- och förändringsarbetet görs i huvudsak efter övertagandet.
			Övertagandet är en utökning av SJ:s verksamhet som behöver beskrivas och riskhanteras inför och efter samråd med tillsynsmyndigheten och ECM-certifieringsorganet. Samtidigt ska säkerhetsstyrningssystemet och underhållssystemet anpassas med först tillfälliga lösningar och senare permanenta ändringar.
			Vi söker därför en säkerhetskoordinator för att bevaka och hantera frågor som rör säkerhetssamordnings- och riskhanteringsfrågor inom projektet som helhet, och i de olika delprojekten. Uppdraget genomförs i samarbete med såväl ordinarie SJ-organisation som etableringsprojektet och driftorganisationen under uppbyggnad.
			Säkerhetskoordinatorn har i det här projektet en central roll på grund av ändringens omfattning och komplexitet och kommer att ha ett tätt samarbete med projektledningen och en god insyn i de förutsättningar och avgränsningar som finns och hur de över tid kanske kan komma att förändras.
			Rollbeskrivning:Som säkerhetskoordinator bevakar och hanterar du frågor som rör trafiksäkerhet och underlag för myndighetskontakter och ECM-certifiering i projektet. Exempel på arbetsuppgifter:• Koordinera riskhanteringsprocessen för projektet.• Se till att säkerhetsarbetet följer CSM-RA och nationella krav samt övriga regler och lagar som är tillämpliga för projektet.• Framtagning av säkerhetsplan för övertagandet och efterföljande faser och därefter förvalta, uppdatera och se till att den följs.• Utifrån det identifierade behovet i säkerhetsplanen genomföra det säkerhetsarbete (till exempel riskbedömningar och -analyser) som behövs.• Upprätta, förvalta, och uppdatera Hazard Record för projektet.• Ta fram övergripande säkerhetsrapport, som färdigställs etappvis.• Planera och genomföra projektets interna säkerhetsmöten och delta på möten med befintlig trafikutövare/underhållsleverantör.• Uppdrag kring dokumentuppdatering, utbildning och information inom säkerhetsstyrning• Tillsammans med projektledningen vara kontakt mot oberoende granskare (ASBO).• Tillsammans med stödfunktion Trafiksäkerhet vara kontakt mot tillsynsmyndigheten och certifieringsorganet.• Uppföljning av aktiviteter i etableringsplanen.
			Kravspecifikation:Hög generalistkompetens, eller mycket hög kompetens inom det specifika området. Måste ha förståelse för organisatoriska behov och affärsmässiga utmaningar.Har minst 5-10 års erfarenhet som konsult inom området. Är en förebild för andra konsulter på lägre nivå och har befunnit sig på nivå 2 under minst 3 år. Har deltagit i stora/komplexa uppdrag hos SJ eller annan järnvägsoperatör inom olika områden och genomfört uppdrag med mycket hög kvalitet.Hög arbetskapacitet och förmåga att på kort tid sätta sig in i komplexa frågeställningar inom järnvägsbranschen.Kan ta huvudansvar vid delleveranser i större projekt och är van vid rapportering.Mycket stor självständighet krävs i kombination med mycket god samarbetsförmåga.Tidigare erfarenhet av trafiksäkerhetsarbete inom järnvägsbranschen krävs.Tidigare erfarenhet från säkerhetskoordinering av större förändringar inom järnvägssystemet är meriterande.Tidigare erfarenhet från kvalificerade MTO- eller arbetsmiljöfrågor är meriterande.Rollen kommer att ingå i SJ:s projektteam och rapportera till arbetsströmsledaren Trafiksäkerhet och till projektledaren.
			Uppdragets placering är SJ huvudkontor i Stockholm, dock sker arbete på distans enligt överenskommelse med projektledningen.
			Omfattning: Uppdraget omfattar 60-100% arbetstid under etableringens olika faser och sträcker sig minst till 2024-03-31 med möjlighet till förlängning.
			Önskad start: Omgående
			

			
		Remote: Yes			
		




						 
		Start: 2023-11-27 
			
		


		End: 2024-03-31			
		


			
		Extension: 1 år			
		



Location: 	Stockholm 			Remote 				  
			
			


ID: LEAD-4284			




Closing: 2023-11-27"
"Solution Architect, Azure - Stockholm","Som senior integrationsutvecklare på SJ kommer du jobba i ett team där du förväntas ta stort ansvar och ha överblick över helheten även utifrån ett arkitektperspektiv. Uppgifterna varierar från design av integrationslösningar i olika projekt till att utveckla integrationslösningar samt att delta i arkitekturdiskussioner. I integrations utvecklarrollen arbetar man brett från krav, design av integrationslösningar och implementation, samt design av API:er till att testa. Inom tjänsten kommer du arbeta med utveckling av nya integrationslösningar baserade på Azure komponenter.
			Man kommer tillhöra ett större team för utbyte av erfarenheter och lärande men i dagliga är det ett självständigt arbete där man behöver ta ett stort ansvar för helheten.
			Kunskap och erfarenhet:Kompetens av mycket hög rang, uppfattas som mycket senior på marknaden med en bred och djup kompetens. Nivån uppnås efter minst 10 år som utvecklare. Har deltagit i stora uppdrag inom olika integrationsprojekt och genomfört uppdrag med mycket hög komplexitet och kvalitet i minst 5–7 år. Har stor vana och erfarenhet av att leda andra utvecklare.
			Skall krav, minst 7 års erfarenhet:• C# och/eller .Net utveckling
			Skall krav minst 4 års erfarenhet av alla verktyg listade:• Azure Integration Services (LogicApps, API Management, Service Bus, Functions)• YAML• Skall kunna agera arkitekt för lösningen (2-3 år)• Måste vara självgående med hög initiativnivå• Flytande muntlig och skriftlig kommunikationsförmåga på svenska
			Bör krav• Erfarenhet att arbeta enligt Agila arbetssättet SAFe
			Ansökan:Cv på svenska i WordBeskriv kravuppfyllnad samt referera till uppdrag i Cv.
			

			
		Remote: 2-3 dagar i veckan			
		




						 
		Start: 2023-11-30 
			
		


		End: 2024-06-28			
		


			
		Extension: 6 mån			
		



Location: 	Stockholm 				  
			
			


ID: LEAD-4233			




Closing: 2023-11-30"
Fullstackutvecklare / Frontendutvecklare - Stockholm,"Hantera och säkerställa drift och utveckling av AIS-F klienten som används av ca 9000 handläggare dagligen. Drift samt vidmakthållande.
			Ska krav:• ha minst 5 års erfarenhet av vb.net• ha minst 4 års erfarenhet av Visual studio• ha minst 4 års erfarenhet av Jenkins• ha minst 4 års erfarenhet av SOAP och REST• ha minst 4 års erfarenhet av Git• kunna kommunicera på svenska i både tal och skrift
			Meriterande:• erfarenhet av Jira• ha jobbat med agila arbetssätt• erfarenhet av tidigare arbete inom större myndighet eller organisation
			

			
		Remote: 49%			
		




						 
		Start: 2023-10-16 
			
		


		End: 2023-10-03			
		


			
		Extension: 1 år			
		



Location: 	Stockholm 				  
			
			


ID: LEAD-4152			




Closing: 2024-10-15"
